,drift_weight,threshold_drift,time_drift,nd_time
AD,4.572047976827891,0.43069858320594767,1.8782555816235738,0.7783892405106776
