,drift_weight,time_drift,nd_time
AD,4.392955921367004,1.887123771874214,0.1756007155642669
