,drift_weight,time_drift,nd_time
AD,7.830142843945779,2.1411595960917498,0.23509060500138665
